post_id,post,post_type,language,intent,sentiment_label,sentiment_confidence,category,topic,severity_level,risk_score,compliance_flag,product,summary,recommended_action,escalation_required,created_at
P001,UPI payment failed but money deducted,Complaint,English,Complaint,Negative,0.91,Payments,UPI debit issue,High,80,FALSE,UPI,UPI failure with debit,Escalate operations,TRUE,10-04-2026 09:05
P002,Got phishing SMS asking for OTP,Fraud,English,Fraud report,Negative,0.97,Fraud,Phishing SMS,Critical,96,TRUE,Internet Banking,Phishing attempt detected,Escalate fraud team,TRUE,10-04-2026 09:12
P003,App is working smoothly now,Feedback,English,Praise,Positive,0.86,Digital Banking,App performance,Low,12,FALSE,Mobile App,Positive app feedback,Monitor only,FALSE,10-04-2026 09:18
P004,Credit card charged extra fees,Complaint,English,Complaint,Negative,0.89,Loans,Hidden charges,Medium,58,FALSE,Credit Card,Fee complaint,Respond customer,FALSE,10-04-2026 09:25
P005,Net banking not working since morning,Complaint,English,Complaint,Negative,0.92,Digital Banking,Login failure,High,76,FALSE,Net Banking,Login issue,Escalate operations,TRUE,10-04-2026 09:41
P006,Great customer support experience,Feedback,English,Praise,Positive,0.88,Customer Service,Support quality,Low,8,FALSE,,Good service feedback,Monitor only,FALSE,10-04-2026 10:03
P007,OTP asked on suspicious call,Fraud,English,Fraud report,Negative,0.94,Fraud,OTP scam,Critical,93,TRUE,Bank Account,OTP scam detected,Escalate fraud team,TRUE,10-04-2026 10:15
P008,UPI is fine but competitor is faster,Feedback,English,Comparison,Neutral,0.74,Payments,UPI comparison,Medium,40,FALSE,UPI,Competitor comparison,Monitor,FALSE,10-04-2026 10:22
P009,Loan approval taking too long,Complaint,English,Complaint,Negative,0.87,Loans,Loan delay,Medium,52,FALSE,Loan,Delay complaint,Respond customer,FALSE,10-04-2026 10:37
P010,Loved cashback offers this month,Promotion,English,Marketing engagement,Positive,0.89,Marketing,Cashback offer,Low,5,FALSE,Credit Card,Positive marketing response,Monitor,FALSE,10-04-2026 11:08
P011,ATM deducted money but no cash,Complaint,English,Complaint,Negative,0.92,Payments,ATM failure,High,81,FALSE,ATM,ATM cash issue,Escalate ops,TRUE,10-04-2026 11:19
P012,KYC OTP scam call received,Fraud,English,Fraud report,Negative,0.95,Fraud,KYC scam,Critical,94,TRUE,KYC,Fraud attempt,Escalate fraud,TRUE,10-04-2026 11:27
P013,Loan interest okay but slow process,Feedback,English,Feedback,Neutral,0.78,Loans,Loan speed,Medium,38,FALSE,Loan,Mixed feedback,Monitor,FALSE,10-04-2026 12:02
P014,App crashes during transfer,Complaint,English,Complaint,Negative,0.93,Digital Banking,App crash,High,84,FALSE,Mobile App,Crash issue,Escalate ops,TRUE,10-04-2026 12:16
P015,Great cashback rewards,Promotion,English,Marketing engagement,Positive,0.9,Marketing,Rewards,Low,6,FALSE,Credit Card,Positive rewards,Monitor,FALSE,10-04-2026 12:45
P016,Unauthorized transaction attempt,Fraud,English,Fraud report,Negative,0.96,Fraud,Unauthorized access,Critical,97,TRUE,Bank Account,Fraud attempt,Escalate fraud,TRUE,10-04-2026 13:05
P017,Net banking UI feels outdated,Feedback,English,Feedback,Neutral,0.72,Digital Banking,UI feedback,Medium,42,FALSE,Net Banking,UI comparison,Monitor,FALSE,10-04-2026 13:18
P018,Transaction failed but money deducted,Complaint,English,Complaint,Negative,0.94,Payments,Failed transaction,High,86,FALSE,UPI,Transaction issue,Escalate ops,TRUE,10-04-2026 13:39
P019,Lottery scam SMS received,Fraud,English,Fraud report,Negative,0.93,Fraud,Lottery scam,Critical,92,TRUE,SMS Alerts,Scam SMS,Escalate fraud,TRUE,10-04-2026 14:07
P020,Branch wait time too long,Feedback,English,Feedback,Neutral,0.75,Customer Service,Branch delay,Medium,45,FALSE,Branch Service,Service delay,Monitor,FALSE,10-04-2026 14:28
P021,Money transferred but receiver did not get it,Complaint,English,Complaint,Negative,0.92,Payments,Transfer failure,High,83,FALSE,UPI,Delayed transfer issue,Escalate operations,TRUE,11-04-2026 15:11
P022,Received fake email asking to verify bank details urgently,Fraud,English,Fraud report,Negative,0.96,Fraud,Phishing email,Critical,95,TRUE,Internet Banking,Phishing email detected,Escalate fraud team,TRUE,11-04-2026 15:49
P023,Mobile app UI is very user friendly and fast,Feedback,English,Praise,Positive,0.89,Digital Banking,App usability,Low,10,FALSE,Mobile App,Positive UI feedback,Monitor only,FALSE,11-04-2026 16:06
P024,Credit card bill not reflecting recent payment,Complaint,English,Complaint,Negative,0.9,Loans,Billing issue,Medium,60,FALSE,Credit Card,Billing mismatch issue,Respond customer,FALSE,11-04-2026 16:33
P025,UPI services down again today,Complaint,English,Complaint,Negative,0.94,Payments,UPI outage,High,88,FALSE,UPI,Service outage complaint,Escalate operations,TRUE,10-04-2026 17:02
P026,"Support team resolved my issue quickly, very satisfied",Feedback,English,Praise,Positive,0.88,Customer Service,Fast resolution,Low,7,FALSE,,Positive support feedback,Monitor only,FALSE,10-04-2026 09:02
P027,Someone tried to login to my account from unknown location,Fraud,English,Fraud report,Negative,0.97,Fraud,Unauthorized login,Critical,98,TRUE,Net Banking,Suspicious login attempt,Escalate fraud team,TRUE,10-04-2026 09:14
P028,Loan interest rates are higher compared to competitors,Feedback,English,Comparison,Neutral,0.76,Loans,Interest comparison,Medium,48,FALSE,Loan,Competitor comparison,Monitor,FALSE,10-04-2026 09:29
P029,ATM withdrawal successful but cash was delayed,Complaint,English,Complaint,Negative,0.86,Payments,ATM delay,Medium,55,FALSE,ATM,ATM delay issue,Respond customer,FALSE,10-04-2026 09:36
P030,Bank app keeps logging me out frequently,Complaint,English,Complaint,Negative,0.91,Digital Banking,Session issue,High,79,FALSE,Mobile App,Session instability,Escalate ops,TRUE,10-04-2026 10:06
P031,"Got cashback instantly on transaction, very happy",Promotion,English,Marketing engagement,Positive,0.9,Marketing,Cashback reward,Low,6,FALSE,Credit Card,Positive offer feedback,Monitor only,FALSE,12-04-2026 10:17
P032,Fake SMS claiming my account will be blocked,Fraud,English,Fraud report,Negative,0.95,Fraud,Fake SMS,Critical,93,TRUE,SMS Alerts,Scam SMS detected,Escalate fraud team,TRUE,12-04-2026 10:33
P033,Branch staff was polite and helpful,Feedback,English,Praise,Positive,0.87,Customer Service,Staff behavior,Low,9,FALSE,Branch Service,Good branch experience,Monitor only,FALSE,10-04-2026 10:48
P034,Transaction failed during festival peak hours,Complaint,English,Complaint,Negative,0.92,Payments,Peak failure,High,82,FALSE,UPI,Peak load failure,Escalate operations,TRUE,12-04-2026 11:04
P035,Loan approval process improved recently,Feedback,English,Praise,Positive,0.85,Loans,Process improvement,Low,15,FALSE,Loan,Positive improvement feedback,Monitor only,FALSE,10-04-2026 11:13
P036,"Received call asking for CVV number, seems suspicious",Fraud,English,Fraud report,Negative,0.96,Fraud,CVV scam call,Critical,96,TRUE,Credit Card,Sensitive data scam,Escalate fraud team,TRUE,10-04-2026 11:26
P037,Net banking works fine but mobile app is better,Feedback,English,Comparison,Neutral,0.75,Digital Banking,Channel comparison,Medium,35,FALSE,Net Banking,Channel comparison feedback,Monitor,FALSE,10-04-2026 12:09
P038,Money deducted twice for same transaction,Complaint,English,Complaint,Negative,0.93,Payments,Double debit,High,87,FALSE,UPI,Duplicate debit issue,Escalate operations,TRUE,10-04-2026 12:21
P039,Great festive offers and discounts this month,Promotion,English,Marketing engagement,Positive,0.88,Marketing,Festive offers,Low,5,FALSE,Credit Card,Positive campaign response,Monitor only,FALSE,10-04-2026 12:38
P040,Account frozen without proper explanation,Complaint,English,Complaint,Negative,0.94,Customer Service,Account freeze,Critical,91,TRUE,Bank Account,Account restriction issue,Escalate compliance team,TRUE,10-04-2026 13:03
P041,UPI payment stuck but money deducted from account,Complaint,English,Complaint,Negative,0.93,Payments,UPI stuck transaction,High,86,FALSE,UPI,Stuck transaction issue,Escalate operations,TRUE,10-04-2026 13:17
P042,Got fake call claiming bank KYC update needed urgently,Fraud,English,Fraud report,Negative,0.96,Fraud,KYC scam call,Critical,97,TRUE,KYC,KYC scam detected,Escalate fraud team,TRUE,10-04-2026 13:42
P043,App performance has improved a lot recently,Feedback,English,Praise,Positive,0.88,Digital Banking,App improvement,Low,9,FALSE,Mobile App,Positive performance feedback,Monitor only,FALSE,10-04-2026 14:11
P044,Credit card transaction not showing in statement,Complaint,English,Complaint,Negative,0.89,Loans,Missing transaction,Medium,57,FALSE,Credit Card,Statement mismatch,Respond customer,FALSE,12-04-2026 14:25
P045,UPI service was down during peak hours,Complaint,English,Complaint,Negative,0.94,Payments,UPI downtime,High,90,FALSE,UPI,Service outage issue,Escalate operations,TRUE,10-04-2026 15:08
P046,Customer care resolved my issue quickly and politely,Feedback,English,Praise,Positive,0.87,Customer Service,Fast resolution,Low,8,FALSE,,Positive support experience,Monitor only,FALSE,10-04-2026 15:34
P047,Someone tried to reset my password without permission,Fraud,English,Fraud report,Negative,0.97,Fraud,Password reset attempt,Critical,98,TRUE,Net Banking,Account security threat,Escalate fraud team,TRUE,12-04-2026 16:02
P048,Loan processing is okay but slower than expected,Feedback,English,Feedback,Neutral,0.76,Loans,Loan speed,Medium,44,FALSE,Loan,Mixed loan feedback,Monitor,FALSE,10-04-2026 16:19
P049,ATM did not dispense cash but amount got deducted,Complaint,English,Complaint,Negative,0.93,Payments,ATM failure,High,85,FALSE,ATM,ATM cash issue,Escalate operations,TRUE,10-04-2026 17:07
P050,Mobile app keeps freezing during login,Complaint,English,Complaint,Negative,0.91,Digital Banking,App freeze,High,80,FALSE,Mobile App,Login freeze issue,Escalate ops,TRUE,11-04-2026 09:07
P051,"Received cashback instantly, very smooth experience",Promotion,English,Marketing engagement,Positive,0.9,Marketing,Cashback experience,Low,6,FALSE,Credit Card,Positive reward experience,Monitor only,FALSE,11-04-2026 09:21
P052,Fake SMS asking to click link and verify PAN details,Fraud,English,Fraud report,Negative,0.95,Fraud,PAN scam SMS,Critical,94,TRUE,SMS Alerts,Phishing SMS detected,Escalate fraud team,TRUE,11-04-2026 09:44
P053,Branch staff was very helpful and polite,Feedback,English,Praise,Positive,0.86,Customer Service,Branch service,Low,7,FALSE,Branch Service,Good branch experience,Monitor only,FALSE,12-04-2026 19:36
P054,Transaction failed but balance was deducted,Complaint,English,Complaint,Negative,0.94,Payments,Failed debit issue,High,88,FALSE,UPI,Transaction mismatch,Escalate operations,TRUE,12-04-2026 20:36
P055,Loan interest rates are acceptable but processing is slow,Feedback,English,Feedback,Neutral,0.77,Loans,Loan processing,Medium,46,FALSE,Loan,Processing delay feedback,Monitor,FALSE,11-04-2026 10:18
P056,Got suspicious email asking for account verification,Fraud,English,Fraud report,Negative,0.96,Fraud,Email phishing,Critical,95,TRUE,Internet Banking,Phishing email alert,Escalate fraud team,TRUE,11-04-2026 19:36
P057,Net banking UI is not very intuitive compared to others,Feedback,English,Comparison,Neutral,0.74,Digital Banking,UI comparison,Medium,40,FALSE,Net Banking,UI feedback vs competitor,Monitor,FALSE,12-04-2026 10:36
P058,Money transferred but receiver says not received,Complaint,English,Complaint,Negative,0.92,Payments,Transfer delay,High,83,FALSE,UPI,Transfer mismatch issue,Escalate operations,TRUE,11-04-2026 11:09
P059,Festival offers are really good this year,Promotion,English,Marketing engagement,Positive,0.89,Marketing,Festive offers,Low,5,FALSE,Credit Card,Positive campaign response,Monitor only,FALSE,11-04-2026 11:22
P060,Account suddenly blocked without any notification,Complaint,English,Complaint,Negative,0.95,Customer Service,Account blockage,Critical,92,TRUE,Bank Account,Unexpected account freeze,Escalate compliance team,TRUE,11-04-2026 19:22
P061,UPI payment failed but amount debited instantly,Complaint,English,Complaint,Negative,0.93,Payments,UPI debit failure,High,85,FALSE,UPI,Debit without success,Escalate operations,TRUE,11-04-2026 12:14
P062,Received fake OTP request on SMS for verification,Fraud,English,Fraud report,Negative,0.97,Fraud,OTP scam SMS,Critical,96,TRUE,SMS Alerts,OTP phishing attempt,Escalate fraud team,TRUE,11-04-2026 12:41
P063,Mobile app is running much smoother after update,Feedback,English,Praise,Positive,0.88,Digital Banking,App update improvement,Low,8,FALSE,Mobile App,Positive update feedback,Monitor only,FALSE,11-04-2026 20:41
P064,Credit card payment not reflecting even after 3 days,Complaint,English,Complaint,Negative,0.9,Loans,Payment delay,Medium,60,FALSE,Credit Card,Delayed payment issue,Respond customer,FALSE,11-04-2026 13:03
P065,UPI services completely down in my area,Complaint,English,Complaint,Negative,0.95,Payments,UPI outage,High,90,FALSE,UPI,Service outage report,Escalate operations,TRUE,11-04-2026 13:27
P066,Customer care solved my issue within minutes,Feedback,English,Praise,Positive,0.87,Customer Service,Quick resolution,Low,7,FALSE,,Positive support feedback,Monitor only,FALSE,12-04-2026 13:27
P067,Someone tried to change my password without my permission,Fraud,English,Fraud report,Negative,0.97,Fraud,Unauthorized password reset,Critical,98,TRUE,Net Banking,Account compromise attempt,Escalate fraud team,TRUE,12-04-2026 09:06
P068,Loan approval process is okay but needs improvement,Feedback,English,Feedback,Neutral,0.75,Loans,Loan processing feedback,Medium,42,FALSE,Loan,Neutral loan feedback,Monitor,FALSE,12-04-2026 09:19
P069,ATM did not give cash but balance deducted,Complaint,English,Complaint,Negative,0.94,Payments,ATM cash failure,High,86,FALSE,ATM,ATM debit issue,Escalate operations,TRUE,12-04-2026 09:35
P070,App keeps crashing while doing UPI payment,Complaint,English,Complaint,Negative,0.92,Digital Banking,App crash UPI,High,83,FALSE,Mobile App,App instability issue,Escalate ops,TRUE,10-04-2026 19:35
P071,Great cashback rewards received instantly,Promotion,English,Marketing engagement,Positive,0.9,Marketing,Cashback rewards,Low,6,FALSE,Credit Card,Positive offer feedback,Monitor only,FALSE,12-04-2026 10:11
P072,Fake call asking for CVV number immediately,Fraud,English,Fraud report,Negative,0.96,Fraud,CVV scam call,Critical,95,TRUE,Credit Card,Sensitive data scam,Escalate fraud team,TRUE,12-04-2026 10:28
P073,Branch staff was very cooperative and helpful,Feedback,English,Praise,Positive,0.86,Customer Service,Branch support,Low,7,FALSE,Branch Service,Good branch experience,Monitor only,FALSE,12-04-2026 13:05
P074,Transaction failed during payment but money deducted,Complaint,English,Complaint,Negative,0.93,Payments,Failed transaction debit,High,88,FALSE,UPI,Payment mismatch issue,Escalate operations,TRUE,10-04-2026 18:35
P075,Loan interest rates are okay but processing takes time,Feedback,English,Feedback,Neutral,0.76,Loans,Loan delay feedback,Medium,45,FALSE,Loan,Processing delay comment,Monitor,FALSE,12-04-2026 11:08
P076,Received suspicious email asking for account verification,Fraud,English,Fraud report,Negative,0.96,Fraud,Email phishing,Critical,94,TRUE,Internet Banking,Phishing email attempt,Escalate fraud team,TRUE,12-04-2026 11:23
P077,Net banking interface is confusing compared to competitors,Feedback,English,Comparison,Neutral,0.73,Digital Banking,UI comparison,Medium,41,FALSE,Net Banking,UX comparison feedback,Monitor,FALSE,10-04-2026 11:23
P078,UPI transfer failed but amount was deducted,Complaint,English,Complaint,Negative,0.94,Payments,UPI failure debit,High,87,FALSE,UPI,Transfer failure issue,Escalate operations,TRUE,12-04-2026 12:16
P079,Festival offers are really attractive this season,Promotion,English,Marketing engagement,Positive,0.89,Marketing,Festive offers,Low,5,FALSE,Credit Card,Positive campaign feedback,Monitor only,FALSE,12-04-2026 12:39
P080,Account blocked suddenly without any explanation,Complaint,English,Complaint,Negative,0.95,Customer Service,Account freeze,Critical,92,TRUE,Bank Account,Unexpected account restriction,Escalate compliance team,TRUE,12-04-2026 13:05
P081,UPI payment failed but balance was deducted,Complaint,English,Complaint,Negative,0.93,Payments,UPI debit issue,High,86,FALSE,UPI,Debit without success,Escalate operations,TRUE,12-04-2026 13:05
P082,Received SMS asking for OTP to update KYC,Fraud,English,Fraud report,Negative,0.97,Fraud,KYC OTP scam,Critical,96,TRUE,KYC,Phishing SMS detected,Escalate fraud team,TRUE,12-04-2026 13:31
P083,Mobile app feels faster after latest update,Feedback,English,Praise,Positive,0.88,Digital Banking,App performance,Low,8,FALSE,Mobile App,Positive update feedback,Monitor only,FALSE,12-04-2026 13:52
P084,Credit card payment not showing in account,Complaint,English,Complaint,Negative,0.9,Loans,Payment delay,Medium,59,FALSE,Credit Card,Payment mismatch,Respond customer,FALSE,01-04-2026 00:12
P085,UPI service completely down today,Complaint,English,Complaint,Negative,0.95,Payments,UPI outage,High,91,FALSE,UPI,Service outage,Escalate operations,TRUE,01-04-2026 08:34
P086,Customer care resolved issue very quickly,Feedback,English,Praise,Positive,0.87,Customer Service,Fast resolution,Low,7,FALSE,,Positive service feedback,Monitor only,FALSE,01-04-2026 21:47
P087,Someone tried to reset my password without consent,Fraud,English,Fraud report,Negative,0.97,Fraud,Password reset fraud,Critical,98,TRUE,Net Banking,Account security threat,Escalate fraud team,TRUE,12-04-2026 13:05
P088,Loan approval process is acceptable but slow,Feedback,English,Feedback,Neutral,0.76,Loans,Loan processing,Medium,43,FALSE,Loan,Neutral loan feedback,Monitor,FALSE,02-04-2026 02:15
P089,ATM withdrew money but cash was not dispensed,Complaint,English,Complaint,Negative,0.94,Payments,ATM failure,High,87,FALSE,ATM,ATM cash issue,Escalate operations,TRUE,02-04-2026 09:22
P090,App crashes during every UPI transaction,Complaint,English,Complaint,Negative,0.92,Digital Banking,App crash,High,84,FALSE,Mobile App,App instability,Escalate ops,TRUE,02-04-2026 09:58
P091,"Received instant cashback on purchase, very happy",Promotion,English,Marketing engagement,Positive,0.9,Marketing,Cashback reward,Low,6,FALSE,Credit Card,Positive offer feedback,Monitor only,FALSE,02-04-2026 18:36
P092,Fake call asking for CVV details immediately,Fraud,English,Fraud report,Negative,0.96,Fraud,CVV scam call,Critical,95,TRUE,Credit Card,Sensitive data scam,Escalate fraud team,TRUE,12-04-2026 13:05
P093,Branch staff was polite and very helpful,Feedback,English,Praise,Positive,0.86,Customer Service,Branch experience,Low,7,FALSE,Branch Service,Good branch feedback,Monitor only,FALSE,03-04-2026 05:11
P094,Transaction failed but money deducted from account,Complaint,English,Complaint,Negative,0.94,Payments,Failed transaction debit,High,88,FALSE,UPI,Transaction issue,Escalate operations,TRUE,03-04-2026 11:49
P095,Loan interest is fine but processing delay is frustrating,Feedback,English,Feedback,Neutral,0.75,Loans,Loan delay,Medium,45,FALSE,Loan,Processing delay feedback,Monitor,FALSE,03-04-2026 23:05
P096,Suspicious email asking to verify bank account details,Fraud,English,Fraud report,Negative,0.96,Fraud,Email phishing,Critical,94,TRUE,Internet Banking,Phishing email detected,Escalate fraud team,TRUE,10-04-2026 19:35
P097,Net banking interface is not very user friendly,Feedback,English,Comparison,Neutral,0.73,Digital Banking,UI feedback,Medium,40,FALSE,Net Banking,UX feedback,Monitor,FALSE,04-04-2026 07:28
P098,UPI transfer failed but amount was debited,Complaint,English,Complaint,Negative,0.94,Payments,UPI failure debit,High,87,FALSE,UPI,Transfer issue,Escalate operations,TRUE,04-04-2026 14:16
P099,Festive offers are really good this year,Promotion,English,Marketing engagement,Positive,0.89,Marketing,Festive offers,Low,5,FALSE,Credit Card,Positive campaign response,Monitor only,FALSE,04-04-2026 14:45
P100,Account suddenly blocked without warning or explanation,Complaint,English,Complaint,Negative,0.95,Customer Service,Account freeze,Critical,92,TRUE,Bank Account,Unexpected account block,Escalate compliance team,TRUE,04-04-2026 22:33
P101,UPI transaction failed but money got deducted instantly,Complaint,English,Complaint,Negative,0.93,Payments,UPI debit failure,High,86,FALSE,UPI,Debit without success,Escalate operations,TRUE,05-04-2026 10:08
P102,Received fake SMS asking to verify OTP urgently,Fraud,English,Fraud report,Negative,0.97,Fraud,OTP phishing SMS,Critical,97,TRUE,SMS Alerts,OTP scam detected,Escalate fraud team,TRUE,05-04-2026 03:19
P103,Mobile banking app works smoothly after update,Feedback,English,Praise,Positive,0.88,Digital Banking,App performance,Low,9,FALSE,Mobile App,Positive app experience,Monitor only,FALSE,05-04-2026 10:08
P104,Credit card payment not updated in statement,Complaint,English,Complaint,Negative,0.9,Loans,Billing issue,Medium,60,FALSE,Credit Card,Payment mismatch,Respond customer,FALSE,05-04-2026 19:57
P105,UPI service is down since morning in my area,Complaint,English,Complaint,Negative,0.95,Payments,UPI outage,High,91,FALSE,UPI,Service outage,Escalate operations,TRUE,03-04-2026 11:49
P106,Customer support resolved my issue quickly and politely,Feedback,English,Praise,Positive,0.87,Customer Service,Fast resolution,Low,7,FALSE,,Positive service experience,Monitor only,FALSE,06-04-2026 01:44
P107,Someone tried to reset my net banking password without permission,Fraud,English,Fraud report,Negative,0.97,Fraud,Password reset attempt,Critical,98,TRUE,Net Banking,Account security threat,Escalate fraud team,TRUE,06-04-2026 12:21
P108,Loan process is okay but approval takes too long,Feedback,English,Feedback,Neutral,0.76,Loans,Loan delay,Medium,44,FALSE,Loan,Neutral loan feedback,Monitor,FALSE,06-04-2026 12:59
P109,ATM withdrew money but cash was not dispensed,Complaint,English,Complaint,Negative,0.94,Payments,ATM cash failure,High,88,FALSE,ATM,ATM failure issue,Escalate operations,TRUE,06-04-2026 20:17
P110,App crashes while making UPI payments repeatedly,Complaint,English,Complaint,Negative,0.92,Digital Banking,App crash UPI,High,85,FALSE,Mobile App,App instability,Escalate ops,TRUE,02-04-2026 09:22
P111,"Got cashback instantly on purchase, very happy",Promotion,English,Marketing engagement,Positive,0.9,Marketing,Cashback reward,Low,6,FALSE,Credit Card,Positive reward experience,Monitor only,FALSE,07-04-2026 06:03
P112,Fake call asking for CVV details immediately,Fraud,English,Fraud report,Negative,0.96,Fraud,CVV scam call,Critical,95,TRUE,Credit Card,Sensitive data scam,Escalate fraud team,TRUE,07-04-2026 15:42
P113,Branch staff was very helpful and polite,Feedback,English,Praise,Positive,0.86,Customer Service,Branch experience,Low,7,FALSE,Branch Service,Good branch feedback,Monitor only,FALSE,07-04-2026 23:38
P114,Transaction failed but amount was deducted,Complaint,English,Complaint,Negative,0.94,Payments,Failed transaction debit,High,88,FALSE,UPI,Transaction issue,Escalate operations,TRUE,08-04-2026 04:27
P115,Loan interest is acceptable but processing is slow,Feedback,English,Feedback,Neutral,0.75,Loans,Loan processing delay,Medium,45,FALSE,Loan,Processing delay feedback,Monitor,FALSE,08-04-2026 04:27
P116,Suspicious email asking to verify bank account details,Fraud,English,Fraud report,Negative,0.96,Fraud,Email phishing,Critical,94,TRUE,Internet Banking,Phishing email detected,Escalate fraud team,TRUE,08-04-2026 13:55
P117,Net banking UI is confusing compared to other banks,Feedback,English,Comparison,Neutral,0.73,Digital Banking,UI comparison,Medium,41,FALSE,Net Banking,UX comparison feedback,Monitor,FALSE,08-04-2026 17:31
P118,UPI transfer failed but money got debited,Complaint,English,Complaint,Negative,0.94,Payments,UPI debit failure,High,87,FALSE,UPI,Transfer failure issue,Escalate operations,TRUE,09-04-2026 02:09
P119,Festive offers are really good this year,Promotion,English,Marketing engagement,Positive,0.89,Marketing,Festive offers,Low,5,FALSE,Credit Card,Positive campaign response,Monitor only,FALSE,09-04-2026 02:09
P120,Account blocked suddenly without any explanation,Complaint,English,Complaint,Negative,0.95,Customer Service,Account freeze,Critical,92,TRUE,Bank Account,Unexpected account block,Escalate compliance team,TRUE,09-04-2026 11:26
P121,UPI payment failed but money deducted instantly,Complaint,English,Complaint,Negative,0.93,Payments,UPI debit failure,High,86,FALSE,UPI,Debit without success,Escalate operations,TRUE,09-04-2026 21:14
P122,Received fake SMS asking for OTP verification immediately,Fraud,English,Fraud report,Negative,0.97,Fraud,OTP phishing SMS,Critical,97,TRUE,SMS Alerts,OTP scam detected,Escalate fraud team,TRUE,10-04-2026 09:05
P123,Mobile app is working much better after latest update,Feedback,English,Praise,Positive,0.88,Digital Banking,App improvement,Low,9,FALSE,Mobile App,Positive app feedback,Monitor only,FALSE,10-04-2026 09:12
P124,Credit card payment not reflecting in account statement,Complaint,English,Complaint,Negative,0.9,Loans,Payment delay,Medium,60,FALSE,Credit Card,Billing issue,Respond customer,FALSE,10-04-2026 09:18
P125,UPI service completely down in my area since morning,Complaint,English,Complaint,Negative,0.95,Payments,UPI outage,High,91,FALSE,UPI,Service outage,Escalate operations,TRUE,10-04-2026 09:25
P126,Customer care resolved my issue quickly and professionally,Feedback,English,Praise,Positive,0.87,Customer Service,Fast resolution,Low,7,FALSE,,Positive service experience,Monitor only,FALSE,10-04-2026 09:41
P127,Someone tried to reset my password without my permission,Fraud,English,Fraud report,Negative,0.97,Fraud,Password reset attempt,Critical,98,TRUE,Net Banking,Security threat detected,Escalate fraud team,TRUE,10-04-2026 10:03
P128,Loan approval process is okay but slower than expected,Feedback,English,Feedback,Neutral,0.76,Loans,Loan processing delay,Medium,44,FALSE,Loan,Neutral feedback,Monitor,FALSE,10-04-2026 10:15
P129,ATM withdrew money but cash was not dispensed,Complaint,English,Complaint,Negative,0.94,Payments,ATM cash failure,High,88,FALSE,ATM,ATM failure issue,Escalate operations,TRUE,10-04-2026 10:22
P130,App keeps crashing during UPI transactions repeatedly,Complaint,English,Complaint,Negative,0.92,Digital Banking,App crash UPI,High,85,FALSE,Mobile App,App instability,Escalate ops,TRUE,10-04-2026 10:37
P131,"Got cashback instantly, very smooth experience",Promotion,English,Marketing engagement,Positive,0.9,Marketing,Cashback reward,Low,6,FALSE,Credit Card,Positive offer feedback,Monitor only,FALSE,10-04-2026 11:08
P132,Fake call asking for CVV number immediately,Fraud,English,Fraud report,Negative,0.96,Fraud,CVV scam call,Critical,95,TRUE,Credit Card,Sensitive data scam,Escalate fraud team,TRUE,10-04-2026 11:19
P133,Branch staff was very polite and helpful,Feedback,English,Praise,Positive,0.86,Customer Service,Branch experience,Low,7,FALSE,Branch Service,Good branch feedback,Monitor only,FALSE,10-04-2026 11:27
P134,Transaction failed but money got deducted from account,Complaint,English,Complaint,Negative,0.94,Payments,Failed transaction debit,High,88,FALSE,UPI,Transaction issue,Escalate operations,TRUE,10-04-2026 12:02
P135,Loan interest is fine but processing takes too long,Feedback,English,Feedback,Neutral,0.75,Loans,Loan processing delay,Medium,45,FALSE,Loan,Processing delay feedback,Monitor,FALSE,10-04-2026 12:16
P136,Suspicious email asking to verify bank account details urgently,Fraud,English,Fraud report,Negative,0.96,Fraud,Email phishing,Critical,94,TRUE,Internet Banking,Phishing email detected,Escalate fraud team,TRUE,10-04-2026 12:45
P137,Net banking interface is confusing compared to competitors,Feedback,English,Comparison,Neutral,0.73,Digital Banking,UI comparison,Medium,41,FALSE,Net Banking,UX feedback,Monitor,FALSE,10-04-2026 13:05
P138,UPI transfer failed but money was deducted,Complaint,English,Complaint,Negative,0.94,Payments,UPI debit failure,High,87,FALSE,UPI,Transfer failure issue,Escalate operations,TRUE,10-04-2026 13:18
P139,Festive offers are really attractive this year,Promotion,English,Marketing engagement,Positive,0.89,Marketing,Festive offers,Low,5,FALSE,Credit Card,Positive campaign response,Monitor only,FALSE,10-04-2026 13:39
P140,Account suddenly blocked without any explanation,Complaint,English,Complaint,Negative,0.95,Customer Service,Account freeze,Critical,92,TRUE,Bank Account,Unexpected account block,Escalate compliance team,TRUE,10-04-2026 14:07
P141,UPI payment failed but money was debited instantly,Complaint,English,Complaint,Negative,0.93,Payments,UPI debit failure,High,86,FALSE,UPI,Debit without success,Escalate operations,TRUE,10-04-2026 14:28
P142,Received fake SMS asking to update KYC via urgent link,Fraud,English,Fraud report,Negative,0.97,Fraud,KYC phishing SMS,Critical,98,TRUE,KYC,Phishing attempt detected,Escalate fraud team,TRUE,11-04-2026 15:11
P143,Mobile banking app feels faster and more stable now,Feedback,English,Praise,Positive,0.88,Digital Banking,App performance,Low,9,FALSE,Mobile App,Positive performance feedback,Monitor only,FALSE,11-04-2026 15:49
P144,Credit card payment not reflected even after 48 hours,Complaint,English,Complaint,Negative,0.9,Loans,Payment delay,Medium,60,FALSE,Credit Card,Delayed payment issue,Respond customer,FALSE,11-04-2026 16:06
P145,UPI services are completely down since morning,Complaint,English,Complaint,Negative,0.95,Payments,UPI outage,High,92,FALSE,UPI,Service outage reported,Escalate operations,TRUE,11-04-2026 16:33
P146,"Customer support resolved my issue in minutes, very happy",Feedback,English,Praise,Positive,0.87,Customer Service,Fast resolution,Low,7,FALSE,,Positive support experience,Monitor only,FALSE,10-04-2026 17:02
P147,Someone attempted unauthorized password reset on my account,Fraud,English,Fraud report,Negative,0.97,Fraud,Password reset fraud,Critical,99,TRUE,Net Banking,Account security threat,Escalate fraud team,TRUE,10-04-2026 09:02
P148,Loan approval process is acceptable but slower than expected,Feedback,English,Feedback,Neutral,0.76,Loans,Loan processing delay,Medium,45,FALSE,Loan,Neutral loan feedback,Monitor,FALSE,10-04-2026 09:14
P149,ATM deducted money but did not dispense cash,Complaint,English,Complaint,Negative,0.94,Payments,ATM cash failure,High,88,FALSE,ATM,ATM transaction failure,Escalate operations,TRUE,10-04-2026 09:29
P150,App crashes frequently during UPI payments,Complaint,English,Complaint,Negative,0.92,Digital Banking,App crash UPI,High,86,FALSE,Mobile App,App instability issue,Escalate ops,TRUE,10-04-2026 09:36
P151,"Received instant cashback on transaction, great experience",Promotion,English,Marketing engagement,Positive,0.9,Marketing,Cashback reward,Low,6,FALSE,Credit Card,Positive reward feedback,Monitor only,FALSE,10-04-2026 10:06
P152,"Fake call asking for CVV details immediately, seems suspicious",Fraud,English,Fraud report,Negative,0.96,Fraud,CVV scam call,Critical,96,TRUE,Credit Card,Sensitive data scam,Escalate fraud team,TRUE,12-04-2026 10:17
P153,Branch staff was very courteous and helpful during visit,Feedback,English,Praise,Positive,0.86,Customer Service,Branch experience,Low,7,FALSE,Branch Service,Positive branch feedback,Monitor only,FALSE,12-04-2026 10:33
P154,Transaction failed but amount was still deducted from account,Complaint,English,Complaint,Negative,0.94,Payments,Failed transaction debit,High,89,FALSE,UPI,Transaction mismatch issue,Escalate operations,TRUE,10-04-2026 10:48
P155,Loan interest rates are fine but approval takes too long,Feedback,English,Feedback,Neutral,0.75,Loans,Loan delay,Medium,46,FALSE,Loan,Processing delay feedback,Monitor,FALSE,12-04-2026 11:04
P156,Suspicious email asking to verify bank account details urgently,Fraud,English,Fraud report,Negative,0.96,Fraud,Email phishing,Critical,95,TRUE,Internet Banking,Phishing email detected,Escalate fraud team,TRUE,10-04-2026 11:13
P157,Net banking interface is not very user friendly compared to others,Feedback,English,Comparison,Neutral,0.73,Digital Banking,UI comparison,Medium,41,FALSE,Net Banking,UX comparison feedback,Monitor,FALSE,10-04-2026 11:26
P158,UPI transfer failed but money got debited from account,Complaint,English,Complaint,Negative,0.94,Payments,UPI debit failure,High,87,FALSE,UPI,Transfer failure issue,Escalate operations,TRUE,10-04-2026 12:09
P159,Festive offers this year are really attractive and useful,Promotion,English,Marketing engagement,Positive,0.89,Marketing,Festive offers,Low,5,FALSE,Credit Card,Positive campaign response,Monitor only,FALSE,10-04-2026 12:21
P160,Account suddenly blocked without any explanation or warning,Complaint,English,Complaint,Negative,0.95,Customer Service,Account freeze,Critical,93,TRUE,Bank Account,Unexpected account block,Escalate compliance team,TRUE,10-04-2026 12:38
P161,UPI payment failed but amount was deducted instantly,Complaint,English,Complaint,Negative,0.93,Payments,UPI debit failure,High,86,FALSE,UPI,Debit without success,Escalate operations,TRUE,10-04-2026 13:03
P162,Received SMS asking to share OTP for account verification,Fraud,English,Fraud report,Negative,0.97,Fraud,OTP phishing SMS,Critical,98,TRUE,SMS Alerts,OTP scam detected,Escalate fraud team,TRUE,10-04-2026 13:17
P163,Mobile app performance has improved significantly after update,Feedback,English,Praise,Positive,0.88,Digital Banking,App improvement,Low,8,FALSE,Mobile App,Positive app feedback,Monitor only,FALSE,10-04-2026 13:42
P164,Credit card payment not updated in statement even after days,Complaint,English,Complaint,Negative,0.9,Loans,Payment delay,Medium,60,FALSE,Credit Card,Billing mismatch issue,Respond customer,FALSE,10-04-2026 14:11
P165,UPI services are completely unavailable in my region,Complaint,English,Complaint,Negative,0.95,Payments,UPI outage,High,92,FALSE,UPI,Service outage reported,Escalate operations,TRUE,12-04-2026 14:25
P166,Customer care resolved my issue very quickly and politely,Feedback,English,Praise,Positive,0.87,Customer Service,Fast resolution,Low,7,FALSE,,Positive support experience,Monitor only,FALSE,10-04-2026 15:08
P167,Someone tried to reset my password without authorization,Fraud,English,Fraud report,Negative,0.97,Fraud,Password reset attempt,Critical,99,TRUE,Net Banking,Account security threat,Escalate fraud team,TRUE,10-04-2026 15:34
P168,Loan approval process is fine but takes too long,Feedback,English,Feedback,Neutral,0.76,Loans,Loan processing delay,Medium,45,FALSE,Loan,Neutral loan feedback,Monitor,FALSE,12-04-2026 16:02
P169,ATM deducted money but cash was not dispensed,Complaint,English,Complaint,Negative,0.94,Payments,ATM cash failure,High,88,FALSE,ATM,ATM transaction issue,Escalate operations,TRUE,10-04-2026 16:19
P170,App crashes repeatedly during UPI transactions,Complaint,English,Complaint,Negative,0.92,Digital Banking,App crash UPI,High,86,FALSE,Mobile App,App instability issue,Escalate ops,TRUE,10-04-2026 17:07
P171,"Received cashback instantly, very smooth experience",Promotion,English,Marketing engagement,Positive,0.9,Marketing,Cashback reward,Low,6,FALSE,Credit Card,Positive reward feedback,Monitor only,FALSE,11-04-2026 09:07
P172,Fake call asking for CVV details immediately,Fraud,English,Fraud report,Negative,0.96,Fraud,CVV scam call,Critical,96,TRUE,Credit Card,Sensitive data scam,Escalate fraud team,TRUE,11-04-2026 09:21
P173,Branch staff was very courteous and supportive,Feedback,English,Praise,Positive,0.86,Customer Service,Branch experience,Low,7,FALSE,Branch Service,Good branch feedback,Monitor only,FALSE,11-04-2026 09:44
P174,Transaction failed but money was still deducted,Complaint,English,Complaint,Negative,0.94,Payments,Failed transaction debit,High,89,FALSE,UPI,Transaction mismatch issue,Escalate operations,TRUE,12-04-2026 19:36
P175,Loan interest rates are acceptable but processing is slow,Feedback,English,Feedback,Neutral,0.75,Loans,Loan delay,Medium,46,FALSE,Loan,Processing delay feedback,Monitor,FALSE,12-04-2026 20:36
P176,Suspicious email asking to verify bank account urgently,Fraud,English,Fraud report,Negative,0.96,Fraud,Email phishing,Critical,95,TRUE,Internet Banking,Phishing email detected,Escalate fraud team,TRUE,11-04-2026 10:18
P177,Net banking interface is confusing compared to competitor banks,Feedback,English,Comparison,Neutral,0.73,Digital Banking,UI comparison,Medium,41,FALSE,Net Banking,UX feedback vs competitors,Monitor,FALSE,11-04-2026 19:36
P178,UPI transfer failed but money got debited from account,Complaint,English,Complaint,Negative,0.94,Payments,UPI debit failure,High,87,FALSE,UPI,Transfer failure issue,Escalate operations,TRUE,12-04-2026 10:36
P179,Festive offers this year are very attractive and useful,Promotion,English,Marketing engagement,Positive,0.89,Marketing,Festive offers,Low,5,FALSE,Credit Card,Positive campaign response,Monitor only,FALSE,11-04-2026 11:09
P180,Account suddenly blocked without any explanation or warning,Complaint,English,Complaint,Negative,0.95,Customer Service,Account freeze,Critical,93,TRUE,Bank Account,Unexpected account block,Escalate compliance team,TRUE,11-04-2026 11:22
P181,Bank is offering guaranteed 15% returns on fixed deposits,Fraud,English,Fraud report,Negative,0.96,Marketing,Misleading financial claim,Critical,97,TRUE,Fixed Deposit,Potential mis-selling / false promise,Escalate compliance team,TRUE,11-04-2026 19:22
P182,Agent promised loan approval without credit check,Complaint,English,Complaint,Negative,0.93,Loans,Improper lending practice,High,90,TRUE,Loan,Policy violation in lending,Escalate compliance team,TRUE,11-04-2026 12:14
P183,Received investment advice from bank employee via WhatsApp,Fraud,English,Fraud report,Negative,0.95,Fraud,Unauthorized advisory,Critical,95,TRUE,Wealth Management,Unapproved financial advisory,Escalate compliance + legal,TRUE,11-04-2026 12:41
P184,UPI transaction processed without user consent notification,Complaint,English,Complaint,Negative,0.94,Payments,Consent violation,Critical,96,TRUE,UPI,Unauthorized transaction flow,Escalate compliance + ops,TRUE,11-04-2026 20:41
P185,Bank staff asked for Aadhaar and OTP over phone,Fraud,English,Fraud report,Negative,0.97,Fraud,Sensitive data request,Critical,99,TRUE,KYC,Sensitive data misuse risk,Escalate fraud + compliance,TRUE,11-04-2026 13:03
P186,Hidden charges not disclosed during credit card signup,Complaint,English,Complaint,Negative,0.92,Loans,Fee transparency issue,High,88,TRUE,Credit Card,Non-transparent fee disclosure,Escalate compliance team,TRUE,11-04-2026 13:27
P187,Loan EMI increased without prior notice,Complaint,English,Complaint,Negative,0.93,Loans,Unnotified change,Critical,94,TRUE,Loan,Unapproved EMI change complaint,Escalate compliance team,TRUE,12-04-2026 13:27
P188,Bank advertising 'zero fees' but charges applied later,Complaint,English,Complaint,Negative,0.94,Marketing,False advertisement,Critical,96,TRUE,Savings Account,Misleading advertising claim,Escalate compliance + legal,TRUE,12-04-2026 09:06
P189,Account opened without explicit consent after KYC visit,Fraud,English,Fraud report,Negative,0.98,Fraud,Unauthorized account opening,Critical,99,TRUE,Bank Account,Consent violation in onboarding,Escalate compliance + audit,TRUE,12-04-2026 09:19
P190,Bank app sharing user data with third-party without consent,Complaint,English,Complaint,Negative,0.95,Digital Banking,Data privacy breach,Critical,98,TRUE,Mobile App,Data privacy concern,Escalate compliance + legal,TRUE,12-04-2026 09:35
P191,Loan approval mentioned 'pre-approved' but got rejected later,Complaint,English,Complaint,Negative,0.9,Loans,Misleading pre-approval,High,87,TRUE,Loan,Misleading loan communication,Escalate compliance team,TRUE,10-04-2026 19:35
P192,Bank charges for failed transaction without refund,Complaint,English,Complaint,Negative,0.93,Payments,Fee unfairness,High,89,TRUE,UPI,Improper fee deduction,Escalate compliance team,TRUE,12-04-2026 10:11
P193,Employee shared internal interest rates in public forum,Fraud,English,Fraud report,Negative,0.92,Fraud,Confidential data leak,Critical,97,TRUE,Loan,Internal data exposure risk,Escalate compliance + security,TRUE,12-04-2026 10:28
P194,Bank denying refund without proper explanation for failed UPI,Complaint,English,Complaint,Negative,0.91,Payments,Refund denial,High,90,TRUE,UPI,Dispute resolution failure,Escalate compliance + ops,TRUE,12-04-2026 13:05
P195,Misleading SMS says account will close unless immediate payment done,Fraud,English,Fraud report,Negative,0.97,Fraud,Threat-based scam,Critical,99,TRUE,SMS Alerts,Scam impersonating bank,Escalate fraud team,TRUE,10-04-2026 18:35
P196,Bank representative forced insurance product during loan approval,Complaint,English,Complaint,Negative,0.92,Loans,Mis-selling insurance,Critical,95,TRUE,Loan,Unethical cross-selling,Escalate compliance team,TRUE,12-04-2026 11:08
P197,App shows incorrect interest rate compared to official statement,Complaint,English,Complaint,Negative,0.89,Digital Banking,Incorrect disclosure,High,88,TRUE,Mobile App,Data inconsistency issue,Escalate compliance + tech,TRUE,12-04-2026 11:23
P198,Bank blocked account after complaint without notice or reason,Complaint,English,Complaint,Negative,0.94,Customer Service,Account freeze dispute,Critical,93,TRUE,Bank Account,Unjustified account restriction,Escalate compliance team,TRUE,10-04-2026 11:23
P199,Agent promised cashback not mentioned in official terms,Complaint,English,Complaint,Negative,0.9,Marketing,Unverified offer promise,High,86,TRUE,Credit Card,Misleading promotional promise,Escalate compliance team,TRUE,12-04-2026 12:16
P200,Bank collecting biometric data without clear consent notice,Fraud,English,Fraud report,Negative,0.96,Fraud,Data privacy violation,Critical,98,TRUE,KYC,Privacy compliance breach risk,Escalate compliance + legal,TRUE,12-04-2026 12:39
P201,UPI payment failed but amount was debited instantly,Complaint,English,Complaint,Negative,0.93,Payments,UPI debit failure,High,86,FALSE,UPI,Debit without success,Escalate operations,TRUE,12-04-2026 13:05
P202,Received fake SMS asking for OTP verification urgently,Fraud,English,Fraud report,Negative,0.97,Fraud,OTP phishing SMS,Critical,98,TRUE,SMS Alerts,OTP scam detected,Escalate fraud team,TRUE,12-04-2026 13:05
P203,Bank promised instant loan approval but delayed for weeks,Complaint,English,Complaint,Negative,0.92,Loans,Loan delay promise breach,High,89,TRUE,Loan,Misleading service promise,Escalate compliance team,TRUE,12-04-2026 13:31
P204,App performance has improved significantly after update,Feedback,English,Praise,Positive,0.88,Digital Banking,App improvement,Low,9,FALSE,Mobile App,Positive app feedback,Monitor only,FALSE,12-04-2026 13:52
P205,Credit card payment not updated even after 3 days,Complaint,English,Complaint,Negative,0.9,Loans,Payment delay,Medium,60,FALSE,Credit Card,Billing mismatch issue,Respond customer,FALSE,01-04-2026 00:12
P206,Bank agent forced me to buy insurance with loan,Complaint,English,Complaint,Negative,0.93,Loans,Mis-selling insurance,Critical,95,TRUE,Loan,Forced product bundling,Escalate compliance team,TRUE,01-04-2026 08:34
P207,Customer care resolved my issue quickly and politely,Feedback,English,Praise,Positive,0.87,Customer Service,Fast resolution,Low,7,FALSE,,Positive service experience,Monitor only,FALSE,01-04-2026 21:47
P208,Someone tried to reset my password without authorization,Fraud,English,Fraud report,Negative,0.97,Fraud,Password reset attempt,Critical,99,TRUE,Net Banking,Account security threat,Escalate fraud team,TRUE,12-04-2026 13:05
P209,Loan approval process is acceptable but slower than expected,Feedback,English,Feedback,Neutral,0.76,Loans,Loan processing delay,Medium,45,FALSE,Loan,Neutral loan feedback,Monitor,FALSE,02-04-2026 02:15
P210,ATM deducted money but cash was not dispensed,Complaint,English,Complaint,Negative,0.94,Payments,ATM cash failure,High,88,FALSE,ATM,ATM transaction failure,Escalate operations,TRUE,02-04-2026 09:22
P211,App crashes repeatedly during UPI transactions,Complaint,English,Complaint,Negative,0.92,Digital Banking,App crash UPI,High,86,FALSE,Mobile App,App instability issue,Escalate ops,TRUE,02-04-2026 09:58
P212,"Received cashback instantly, very smooth experience",Promotion,English,Marketing engagement,Positive,0.9,Marketing,Cashback reward,Low,6,FALSE,Credit Card,Positive reward feedback,Monitor only,FALSE,02-04-2026 18:36
P213,Fake call asking for CVV details immediately,Fraud,English,Fraud report,Negative,0.96,Fraud,CVV scam call,Critical,96,TRUE,Credit Card,Sensitive data scam,Escalate fraud team,TRUE,12-04-2026 13:05
P214,Branch staff was very courteous and helpful,Feedback,English,Praise,Positive,0.86,Customer Service,Branch experience,Low,7,FALSE,Branch Service,Good branch feedback,Monitor only,FALSE,03-04-2026 05:11
P215,Transaction failed but money was still deducted,Complaint,English,Complaint,Negative,0.94,Payments,Failed transaction debit,High,89,FALSE,UPI,Transaction mismatch issue,Escalate operations,TRUE,03-04-2026 11:49
P216,Loan interest rates are fine but processing is slow,Feedback,English,Feedback,Neutral,0.75,Loans,Loan delay,Medium,46,FALSE,Loan,Processing delay feedback,Monitor,FALSE,03-04-2026 23:05
P217,Suspicious email asking to verify bank account details urgently,Fraud,English,Fraud report,Negative,0.96,Fraud,Email phishing,Critical,95,TRUE,Internet Banking,Phishing email detected,Escalate fraud team,TRUE,10-04-2026 19:35
P218,Net banking interface is confusing compared to competitors,Feedback,English,Comparison,Neutral,0.73,Digital Banking,UI comparison,Medium,41,FALSE,Net Banking,UX feedback vs competitors,Monitor,FALSE,04-04-2026 07:28
P219,UPI transfer failed but money got debited from account,Complaint,English,Complaint,Negative,0.94,Payments,UPI debit failure,High,87,FALSE,UPI,Transfer failure issue,Escalate operations,TRUE,04-04-2026 14:16
P220,Festive offers are really attractive and useful this year,Promotion,English,Marketing engagement,Positive,0.89,Marketing,Festive offers,Low,5,FALSE,Credit Card,Positive campaign response,Monitor only,FALSE,04-04-2026 14:45
P221,Account suddenly blocked without any explanation or warning,Complaint,English,Complaint,Negative,0.95,Customer Service,Account freeze,Critical,93,TRUE,Bank Account,Unexpected account block,Escalate compliance team,TRUE,04-04-2026 22:33
P222,Bank deducted charges without informing me properly,Complaint,English,Complaint,Negative,0.92,Payments,Hidden charges,High,90,TRUE,Savings Account,Non-transparent charges,Escalate compliance team,TRUE,05-04-2026 10:08
P223,Employee shared internal rate details on social media,Fraud,English,Fraud report,Negative,0.93,Fraud,Data leak,Critical,97,TRUE,Loan,Confidential data exposure,Escalate compliance + security,TRUE,05-04-2026 03:19
P224,Bank app shows incorrect balance compared to ATM receipt,Complaint,English,Complaint,Negative,0.9,Digital Banking,Balance mismatch,High,88,TRUE,Mobile App,Data inconsistency issue,Escalate ops + tech,TRUE,05-04-2026 10:08
P225,Loan EMI increased without prior customer notification,Complaint,English,Complaint,Negative,0.94,Loans,EMI change issue,Critical,94,TRUE,Loan,Unnotified EMI change,Escalate compliance team,TRUE,05-04-2026 19:57
P226,UPI payment failed but money deducted instantly again,Complaint,English,Complaint,Negative,0.93,Payments,UPI debit failure,High,87,FALSE,UPI,Repeated debit failure issue,Escalate operations,TRUE,03-04-2026 11:49
P227,Received fake WhatsApp message asking for KYC update link,Fraud,English,Fraud report,Negative,0.97,Fraud,KYC phishing WhatsApp,Critical,99,TRUE,KYC,Social media phishing attempt,Escalate fraud team,TRUE,06-04-2026 01:44
P228,Loan agent promised approval within 5 minutes but not delivered,Complaint,English,Complaint,Negative,0.92,Loans,Misleading loan promise,High,90,TRUE,Loan,False promise in service,Escalate compliance team,TRUE,06-04-2026 12:21
P229,Mobile app is now working faster after the latest update,Feedback,English,Praise,Positive,0.88,Digital Banking,App performance,Low,8,FALSE,Mobile App,Positive app improvement,Monitor only,FALSE,06-04-2026 12:59
P230,Credit card payment not showing in statement after multiple days,Complaint,English,Complaint,Negative,0.9,Loans,Payment delay,Medium,61,FALSE,Credit Card,Delayed billing update,Respond customer,FALSE,06-04-2026 20:17
P231,Bank forced insurance add-on during personal loan application,Complaint,English,Complaint,Negative,0.94,Loans,Mis-selling insurance,Critical,96,TRUE,Loan,Forced product bundling complaint,Escalate compliance team,TRUE,02-04-2026 09:22
P232,Customer support resolved issue politely and efficiently,Feedback,English,Praise,Positive,0.87,Customer Service,Support resolution,Low,7,FALSE,,Positive service experience,Monitor only,FALSE,07-04-2026 06:03
P233,Unauthorized login attempt detected from unknown device,Fraud,English,Fraud report,Negative,0.97,Fraud,Account breach attempt,Critical,99,TRUE,Net Banking,Security breach attempt detected,Escalate fraud team,TRUE,07-04-2026 15:42
P234,Loan processing is okay but slower than expected timeline,Feedback,English,Feedback,Neutral,0.76,Loans,Loan delay,Medium,45,FALSE,Loan,Neutral loan experience,Monitor,FALSE,07-04-2026 23:38
P235,ATM deducted money but did not dispense cash again,Complaint,English,Complaint,Negative,0.94,Payments,ATM cash failure,High,89,FALSE,ATM,ATM failure issue repeated,Escalate operations,TRUE,08-04-2026 04:27
P236,App keeps crashing during every UPI transaction attempt,Complaint,English,Complaint,Negative,0.92,Digital Banking,App crash UPI,High,87,FALSE,Mobile App,App instability issue,Escalate ops,TRUE,08-04-2026 04:27
P237,"Received instant cashback, very smooth and satisfying experience",Promotion,English,Marketing engagement,Positive,0.9,Marketing,Cashback reward,Low,6,FALSE,Credit Card,Positive reward experience,Monitor only,FALSE,08-04-2026 13:55
P238,Fake call asking for OTP and CVV immediately to verify account,Fraud,English,Fraud report,Negative,0.96,Fraud,OTP CVV scam call,Critical,97,TRUE,Credit Card,Sensitive data scam attempt,Escalate fraud team,TRUE,08-04-2026 17:31
P239,Branch staff was very polite and helpful during visit today,Feedback,English,Praise,Positive,0.86,Customer Service,Branch experience,Low,7,FALSE,Branch Service,Good branch service feedback,Monitor only,FALSE,09-04-2026 04:27
P240,Transaction failed but money was still deducted from account,Complaint,English,Complaint,Negative,0.94,Payments,Failed transaction debit,High,90,FALSE,UPI,Transaction mismatch issue,Escalate operations,TRUE,09-04-2026 04:27
P241,Loan interest rates are acceptable but approval takes too long,Feedback,English,Feedback,Neutral,0.75,Loans,Loan delay,Medium,46,FALSE,Loan,Processing delay feedback,Monitor,FALSE,06-04-2026 13:55
P242,Suspicious email asking to verify bank account details urgently,Fraud,English,Fraud report,Negative,0.96,Fraud,Email phishing,Critical,95,TRUE,Internet Banking,Phishing email detected,Escalate fraud team,TRUE,01-04-2026 17:31
P243,Net banking UI is confusing compared to competitor banks,Feedback,English,Comparison,Neutral,0.73,Digital Banking,UI comparison,Medium,41,FALSE,Net Banking,UX feedback vs competitors,Monitor,FALSE,11-04-2026 15:49
P244,UPI transfer failed but amount got debited from account,Complaint,English,Complaint,Negative,0.94,Payments,UPI debit failure,High,88,FALSE,UPI,Transfer failure issue,Escalate operations,TRUE,11-04-2026 16:06
P245,Festive offers are really attractive and useful this year,Promotion,English,Marketing engagement,Positive,0.89,Marketing,Festive offers,Low,5,FALSE,Credit Card,Positive campaign response,Monitor only,FALSE,11-04-2026 16:33
P246,Account suddenly blocked without any explanation or warning again,Complaint,English,Complaint,Negative,0.95,Customer Service,Account freeze,Critical,93,TRUE,Bank Account,Unexpected account block,Escalate compliance team,TRUE,10-04-2026 17:02
P247,Bank deducted charges without proper explanation or notification,Complaint,English,Complaint,Negative,0.92,Payments,Hidden charges,High,90,TRUE,Savings Account,Non-transparent charges issue,Escalate compliance team,TRUE,10-04-2026 09:02
P248,Employee accidentally shared internal rate sheet on social media,Fraud,English,Fraud report,Negative,0.93,Fraud,Data leak,Critical,97,TRUE,Loan,Confidential data exposure,Escalate compliance + security,TRUE,10-04-2026 09:14
P249,Bank app shows incorrect balance compared to actual transaction history,Complaint,English,Complaint,Negative,0.9,Digital Banking,Balance mismatch,High,88,TRUE,Mobile App,Data inconsistency issue,Escalate ops + tech,TRUE,10-04-2026 09:29
P250,Loan EMI increased without informing customer beforehand,Complaint,English,Complaint,Negative,0.94,Loans,EMI change issue,Critical,94,TRUE,Loan,Unnotified EMI change complaint,Escalate compliance team,TRUE,10-04-2026 09:36
P251,UPI payment failed but amount was deducted instantly again today,Complaint,English,Complaint,Negative,0.93,Payments,UPI debit failure,High,88,FALSE,UPI,Repeated debit failure issue,Escalate operations,TRUE,10-04-2026 10:06
P252,Fake WhatsApp message asking to verify KYC via suspicious link,Fraud,English,Fraud report,Negative,0.97,Fraud,KYC phishing WhatsApp,Critical,99,TRUE,KYC,Social media phishing attempt,Escalate fraud team,TRUE,12-04-2026 10:17
P253,Loan agent promised instant approval without documentation,Complaint,English,Complaint,Negative,0.92,Loans,Misleading loan promise,High,91,TRUE,Loan,False service promise,Escalate compliance team,TRUE,12-04-2026 10:33
P254,Mobile banking app feels much more stable after latest update,Feedback,English,Praise,Positive,0.88,Digital Banking,App performance,Low,8,FALSE,Mobile App,Positive app improvement,Monitor only,FALSE,10-04-2026 10:48
P255,Credit card payment still not reflected after multiple days,Complaint,English,Complaint,Negative,0.9,Loans,Payment delay,Medium,62,FALSE,Credit Card,Delayed payment issue,Respond customer,FALSE,12-04-2026 11:04
P256,Bank forced insurance product while approving loan application,Complaint,English,Complaint,Negative,0.94,Loans,Mis-selling insurance,Critical,96,TRUE,Loan,Forced bundling issue,Escalate compliance team,TRUE,10-04-2026 11:13
P257,Customer care resolved my issue quickly and professionally,Feedback,English,Praise,Positive,0.87,Customer Service,Fast resolution,Low,7,FALSE,,Positive service experience,Monitor only,FALSE,10-04-2026 11:26
P258,Unauthorized login attempt detected from foreign IP address,Fraud,English,Fraud report,Negative,0.97,Fraud,Account breach attempt,Critical,99,TRUE,Net Banking,Security breach attempt detected,Escalate fraud team,TRUE,10-04-2026 12:09
P259,Loan approval is okay but processing is slower than expected,Feedback,English,Feedback,Neutral,0.76,Loans,Loan delay,Medium,46,FALSE,Loan,Neutral loan feedback,Monitor,FALSE,10-04-2026 12:21
P260,ATM deducted money but cash was not dispensed again today,Complaint,English,Complaint,Negative,0.94,Payments,ATM cash failure,High,90,FALSE,ATM,ATM failure issue,Escalate operations,TRUE,10-04-2026 12:38
P261,App crashes frequently during UPI payment attempts,Complaint,English,Complaint,Negative,0.92,Digital Banking,App crash UPI,High,87,FALSE,Mobile App,App instability issue,Escalate ops,TRUE,10-04-2026 13:03
P262,"Received instant cashback after transaction, very satisfying",Promotion,English,Marketing engagement,Positive,0.9,Marketing,Cashback reward,Low,6,FALSE,Credit Card,Positive reward experience,Monitor only,FALSE,10-04-2026 13:17
P263,Fake call asking for OTP and CVV to verify account immediately,Fraud,English,Fraud report,Negative,0.96,Fraud,OTP CVV scam call,Critical,98,TRUE,Credit Card,Sensitive data scam attempt,Escalate fraud team,TRUE,10-04-2026 13:42
P264,Branch staff was extremely polite and helpful during visit,Feedback,English,Praise,Positive,0.86,Customer Service,Branch experience,Low,7,FALSE,Branch Service,Good branch feedback,Monitor only,FALSE,10-04-2026 14:11
P265,Transaction failed but money was still deducted from account again,Complaint,English,Complaint,Negative,0.94,Payments,Failed transaction debit,High,91,FALSE,UPI,Transaction mismatch issue,Escalate operations,TRUE,12-04-2026 14:25
P266,Loan interest rates are fine but approval takes too long,Feedback,English,Feedback,Neutral,0.75,Loans,Loan processing delay,Medium,47,FALSE,Loan,Processing delay feedback,Monitor,FALSE,10-04-2026 15:08
P267,Suspicious email asking to verify account details urgently,Fraud,English,Fraud report,Negative,0.96,Fraud,Email phishing,Critical,95,TRUE,Internet Banking,Phishing email detected,Escalate fraud team,TRUE,10-04-2026 15:34
P268,Net banking UI is confusing compared to other banks,Feedback,English,Comparison,Neutral,0.73,Digital Banking,UI comparison,Medium,42,FALSE,Net Banking,UX feedback vs competitors,Monitor,FALSE,12-04-2026 16:02
P269,UPI transfer failed but amount got debited from account again,Complaint,English,Complaint,Negative,0.94,Payments,UPI debit failure,High,89,FALSE,UPI,Transfer failure issue,Escalate operations,TRUE,10-04-2026 16:19
P270,Festive offers are very attractive and useful this year,Promotion,English,Marketing engagement,Positive,0.89,Marketing,Festive offers,Low,5,FALSE,Credit Card,Positive campaign response,Monitor only,FALSE,10-04-2026 17:07
P271,Account suddenly blocked without any explanation or warning again,Complaint,English,Complaint,Negative,0.95,Customer Service,Account freeze,Critical,94,TRUE,Bank Account,Unexpected account block,Escalate compliance team,TRUE,11-04-2026 09:07
P272,Bank deducted charges without informing properly or clearly,Complaint,English,Complaint,Negative,0.92,Payments,Hidden charges,High,90,TRUE,Savings Account,Non-transparent charges issue,Escalate compliance team,TRUE,11-04-2026 09:21
P273,Employee accidentally shared internal pricing sheet on social media,Fraud,English,Fraud report,Negative,0.93,Fraud,Data leak,Critical,97,TRUE,Loan,Confidential data exposure,Escalate compliance + security,TRUE,11-04-2026 09:44
P274,Bank app shows incorrect balance compared to transaction history,Complaint,English,Complaint,Negative,0.9,Digital Banking,Balance mismatch,High,89,TRUE,Mobile App,Data inconsistency issue,Escalate ops + tech,TRUE,12-04-2026 19:36
P275,Loan EMI increased without any prior customer notification,Complaint,English,Complaint,Negative,0.94,Loans,EMI change issue,Critical,95,TRUE,Loan,Unnotified EMI change complaint,Escalate compliance team,TRUE,01-04-2026 00:12
P276,UPI payment failed but money was debited instantly again,Complaint,English,Complaint,Negative,0.93,Payments,UPI debit failure,High,88,FALSE,UPI,Repeated debit failure issue,Escalate operations,TRUE,01-04-2026 08:34
P277,Fake SMS asking to update KYC using urgent verification link,Fraud,English,Fraud report,Negative,0.97,Fraud,KYC phishing SMS,Critical,99,TRUE,KYC,Phishing attempt detected,Escalate fraud team,TRUE,01-04-2026 21:47
P278,Loan agent promised instant approval but nothing happened,Complaint,English,Complaint,Negative,0.92,Loans,Misleading loan promise,High,91,TRUE,Loan,False service promise,Escalate compliance team,TRUE,12-04-2026 13:05
P279,Mobile banking app performance has improved a lot recently,Feedback,English,Praise,Positive,0.88,Digital Banking,App performance,Low,8,FALSE,Mobile App,Positive app feedback,Monitor only,FALSE,02-04-2026 02:15
P280,Credit card payment still not updated in statement after 5 days,Complaint,English,Complaint,Negative,0.9,Loans,Payment delay,Medium,62,FALSE,Credit Card,Delayed payment issue,Respond customer,FALSE,02-04-2026 09:22
P281,Bank forced insurance product during loan approval process,Complaint,English,Complaint,Negative,0.94,Loans,Mis-selling insurance,Critical,96,TRUE,Loan,Forced bundling complaint,Escalate compliance team,TRUE,02-04-2026 09:58
P282,Customer care resolved my issue quickly and politely,Feedback,English,Praise,Positive,0.87,Customer Service,Fast resolution,Low,7,FALSE,,Positive service experience,Monitor only,FALSE,02-04-2026 18:36
P283,Unauthorized login attempt detected from unknown device location,Fraud,English,Fraud report,Negative,0.97,Fraud,Account breach attempt,Critical,99,TRUE,Net Banking,Security breach attempt detected,Escalate fraud team,TRUE,12-04-2026 13:05
P284,Loan approval process is okay but slower than expected timeline,Feedback,English,Feedback,Neutral,0.76,Loans,Loan delay,Medium,46,FALSE,Loan,Neutral loan feedback,Monitor,FALSE,03-04-2026 05:11
P285,ATM deducted money but cash was not dispensed again,Complaint,English,Complaint,Negative,0.94,Payments,ATM cash failure,High,90,FALSE,ATM,ATM failure issue,Escalate operations,TRUE,03-04-2026 11:49
P286,App crashes repeatedly during UPI payment attempts,Complaint,English,Complaint,Negative,0.92,Digital Banking,App crash UPI,High,87,FALSE,Mobile App,App instability issue,Escalate ops,TRUE,03-04-2026 23:05
P287,"Received instant cashback after transaction, very smooth experience",Promotion,English,Marketing engagement,Positive,0.9,Marketing,Cashback reward,Low,6,FALSE,Credit Card,Positive reward experience,Monitor only,FALSE,10-04-2026 19:35
P288,Fake call asking for OTP and CVV immediately to verify account,Fraud,English,Fraud report,Negative,0.96,Fraud,OTP CVV scam call,Critical,98,TRUE,Credit Card,Sensitive data scam attempt,Escalate fraud team,TRUE,04-04-2026 07:28
P289,Branch staff was very polite and helpful during my visit,Feedback,English,Praise,Positive,0.86,Customer Service,Branch experience,Low,7,FALSE,Branch Service,Good branch feedback,Monitor only,FALSE,04-04-2026 14:16
P290,Transaction failed but money was still deducted from account again,Complaint,English,Complaint,Negative,0.94,Payments,Failed transaction debit,High,91,FALSE,UPI,Transaction mismatch issue,Escalate operations,TRUE,04-04-2026 14:45
P291,Loan interest rates are fine but approval takes too long,Feedback,English,Feedback,Neutral,0.75,Loans,Loan processing delay,Medium,47,FALSE,Loan,Processing delay feedback,Monitor,FALSE,04-04-2026 22:33
P292,Suspicious email asking to verify bank account details urgently,Fraud,English,Fraud report,Negative,0.96,Fraud,Email phishing,Critical,95,TRUE,Internet Banking,Phishing email detected,Escalate fraud team,TRUE,05-04-2026 10:08
P293,Net banking interface is confusing compared to other banks,Feedback,English,Comparison,Neutral,0.73,Digital Banking,UI comparison,Medium,42,FALSE,Net Banking,UX feedback vs competitors,Monitor,FALSE,05-04-2026 03:19
P294,UPI transfer failed but amount got debited from account again,Complaint,English,Complaint,Negative,0.94,Payments,UPI debit failure,High,89,FALSE,UPI,Transfer failure issue,Escalate operations,TRUE,05-04-2026 10:08
P295,Festive offers are very attractive and useful this year,Promotion,English,Marketing engagement,Positive,0.89,Marketing,Festive offers,Low,5,FALSE,Credit Card,Positive campaign response,Monitor only,FALSE,05-04-2026 19:57
P296,Account suddenly blocked without any explanation or warning again,Complaint,English,Complaint,Negative,0.95,Customer Service,Account freeze,Critical,94,TRUE,Bank Account,Unexpected account block,Escalate compliance team,TRUE,03-04-2026 11:49
P297,Bank deducted charges without informing properly or clearly,Complaint,English,Complaint,Negative,0.92,Payments,Hidden charges,High,90,TRUE,Savings Account,Non-transparent charges issue,Escalate compliance team,TRUE,06-04-2026 01:44
P298,Employee accidentally shared internal pricing sheet on social media,Fraud,English,Fraud report,Negative,0.93,Fraud,Data leak,Critical,97,TRUE,Loan,Confidential data exposure,Escalate compliance + security,TRUE,06-04-2026 12:21
P299,Bank app shows incorrect balance compared to transaction history,Complaint,English,Complaint,Negative,0.9,Digital Banking,Balance mismatch,High,89,TRUE,Mobile App,Data inconsistency issue,Escalate ops + tech,TRUE,06-04-2026 12:59
P300,Loan EMI increased without any prior customer notification,Complaint,English,Complaint,Negative,0.94,Loans,EMI change issue,Critical,95,TRUE,Loan,Unnotified EMI change complaint,Escalate compliance team,TRUE,06-04-2026 20:17
